,Name,Rating,Review Count,Price,Street Address,Zip Code,Latitude,Longitude,Url,Category
0,Royal Grill Halal Food,5.0,357,$,44TH St And 6th Ave,10018.0,40.75614,-73.98316,https://www.yelp.com/biz/royal-grill-halal-food-new-york-2?adjust_creative=oMZNkvugSz1zY7aTmCD3ZQ&utm_campaign=yelp_api_v3&utm_medium=api_v3_business_search&utm_source=oMZNkvugSz1zY7aTmCD3ZQ,Street Food
1,Tony Dragon's Grille,4.5,221,$,62nd St and Madison Ave,10065.0,40.76547,-73.97004,https://www.yelp.com/biz/tony-dragons-grille-new-york?adjust_creative=oMZNkvugSz1zY7aTmCD3ZQ&utm_campaign=yelp_api_v3&utm_medium=api_v3_business_search&utm_source=oMZNkvugSz1zY7aTmCD3ZQ,Street Food
2,Xinjiang BBQ Cart,4.5,329,$,41ST Ave,11355.0,40.758665,-73.82938399999999,https://www.yelp.com/biz/xinjiang-bbq-cart-flushing?adjust_creative=oMZNkvugSz1zY7aTmCD3ZQ&utm_campaign=yelp_api_v3&utm_medium=api_v3_business_search&utm_source=oMZNkvugSz1zY7aTmCD3ZQ,Street Food
3,Williamsburg Smorgasburg - Saturday,4.5,1121,$$,90 Kent Ave,11211.0,40.721021,-73.962177,https://www.yelp.com/biz/williamsburg-smorgasburg-saturday-brooklyn?adjust_creative=oMZNkvugSz1zY7aTmCD3ZQ&utm_campaign=yelp_api_v3&utm_medium=api_v3_business_search&utm_source=oMZNkvugSz1zY7aTmCD3ZQ,Street Food
4,The Halal Guys,4.0,9501,$,W 53rd St,10019.0,40.76477,-73.98614,https://www.yelp.com/biz/the-halal-guys-new-york-2?adjust_creative=oMZNkvugSz1zY7aTmCD3ZQ&utm_campaign=yelp_api_v3&utm_medium=api_v3_business_search&utm_source=oMZNkvugSz1zY7aTmCD3ZQ,Street Food
5,Billy's Hot Dog Cart,5.0,24,$,93rd St & Central Park W,10025.0,40.78973,-73.9661,https://www.yelp.com/biz/billys-hot-dog-cart-new-york?adjust_creative=oMZNkvugSz1zY7aTmCD3ZQ&utm_campaign=yelp_api_v3&utm_medium=api_v3_business_search&utm_source=oMZNkvugSz1zY7aTmCD3ZQ,Street Food
6,Bolivian Llama Party,4.5,353,$,1000 S 8th Ave,10019.0,40.694983,-73.991036,https://www.yelp.com/biz/bolivian-llama-party-new-york-7?adjust_creative=oMZNkvugSz1zY7aTmCD3ZQ&utm_campaign=yelp_api_v3&utm_medium=api_v3_business_search&utm_source=oMZNkvugSz1zY7aTmCD3ZQ,Street Food
7,Tong,5.0,29,No data found,37-08 73rd St,11372.0,40.749142,-73.892438,https://www.yelp.com/biz/tong-jackson-heights?adjust_creative=oMZNkvugSz1zY7aTmCD3ZQ&utm_campaign=yelp_api_v3&utm_medium=api_v3_business_search&utm_source=oMZNkvugSz1zY7aTmCD3ZQ,Street Food
8,Smorgasburg - Prospect Park,4.5,292,$$,Prospect Park,11225.0,40.659016877602504,-73.96627542547,https://www.yelp.com/biz/smorgasburg-prospect-park-breeze-hill-2?adjust_creative=oMZNkvugSz1zY7aTmCD3ZQ&utm_campaign=yelp_api_v3&utm_medium=api_v3_business_search&utm_source=oMZNkvugSz1zY7aTmCD3ZQ,Street Food
9,Cheong Fun Cart,4.5,78,$,159 Hester St.,10013.0,40.7176279773311,-73.99637368570559,https://www.yelp.com/biz/cheong-fun-cart-new-york?adjust_creative=oMZNkvugSz1zY7aTmCD3ZQ&utm_campaign=yelp_api_v3&utm_medium=api_v3_business_search&utm_source=oMZNkvugSz1zY7aTmCD3ZQ,Street Food
10,Tortas Neza,4.5,96,$,104-58 Roosevelt Ave,11368.0,40.75019,-73.85956,https://www.yelp.com/biz/tortas-neza-corona?adjust_creative=oMZNkvugSz1zY7aTmCD3ZQ&utm_campaign=yelp_api_v3&utm_medium=api_v3_business_search&utm_source=oMZNkvugSz1zY7aTmCD3ZQ,Street Food
11,Fu Yuan,4.5,152,$,135-43 Roosevelt,11354.0,40.7593451,-73.83118309999999,https://www.yelp.com/biz/fu-yuan-flushing-2?adjust_creative=oMZNkvugSz1zY7aTmCD3ZQ&utm_campaign=yelp_api_v3&utm_medium=api_v3_business_search&utm_source=oMZNkvugSz1zY7aTmCD3ZQ,Street Food
12,Thai Sidewalk,4.5,36,No data found,Adams St And Front St,11201.0,40.7024794,-73.98856490000001,https://www.yelp.com/biz/thai-sidewalk-brooklyn-5?adjust_creative=oMZNkvugSz1zY7aTmCD3ZQ&utm_campaign=yelp_api_v3&utm_medium=api_v3_business_search&utm_source=oMZNkvugSz1zY7aTmCD3ZQ,Street Food
13,Broadway Bites,4.0,214,$$,33rd & Broadway,10001.0,40.74903,-73.98804,https://www.yelp.com/biz/broadway-bites-new-york-2?adjust_creative=oMZNkvugSz1zY7aTmCD3ZQ&utm_campaign=yelp_api_v3&utm_medium=api_v3_business_search&utm_source=oMZNkvugSz1zY7aTmCD3ZQ,Street Food
14,Empanada Papa,5.0,16,No data found,"brooklyn, NY 11232",11232.0,40.657059999999994,-73.99994000000001,https://www.yelp.com/biz/empanada-papa-brooklyn?adjust_creative=oMZNkvugSz1zY7aTmCD3ZQ&utm_campaign=yelp_api_v3&utm_medium=api_v3_business_search&utm_source=oMZNkvugSz1zY7aTmCD3ZQ,Street Food
15,Tacos Cholula,4.5,147,$,25 Ave A,10009.0,40.723009999999995,-73.98605,https://www.yelp.com/biz/tacos-cholula-new-york?adjust_creative=oMZNkvugSz1zY7aTmCD3ZQ&utm_campaign=yelp_api_v3&utm_medium=api_v3_business_search&utm_source=oMZNkvugSz1zY7aTmCD3ZQ,Street Food
16,Souvlaki Lady,4.5,41,$,22-04 33rd St,11105.0,40.7752143591642,-73.9098901301622,https://www.yelp.com/biz/souvlaki-lady-astoria?adjust_creative=oMZNkvugSz1zY7aTmCD3ZQ&utm_campaign=yelp_api_v3&utm_medium=api_v3_business_search&utm_source=oMZNkvugSz1zY7aTmCD3ZQ,Street Food
17,Yogi Korean BBQ Tacos,4.5,111,$,49th St & 3rd Ave,10017.0,40.7551903277636,-73.9712201803923,https://www.yelp.com/biz/yogi-korean-bbq-tacos-new-york-2?adjust_creative=oMZNkvugSz1zY7aTmCD3ZQ&utm_campaign=yelp_api_v3&utm_medium=api_v3_business_search&utm_source=oMZNkvugSz1zY7aTmCD3ZQ,Street Food
18,Ling's Sweet Mini Cakes,4.5,33,$,"New York, NY 10013",10013.0,40.717037287523,-73.998997213678,https://www.yelp.com/biz/lings-sweet-mini-cakes-new-york?adjust_creative=oMZNkvugSz1zY7aTmCD3ZQ&utm_campaign=yelp_api_v3&utm_medium=api_v3_business_search&utm_source=oMZNkvugSz1zY7aTmCD3ZQ,Street Food
19,East Coast Street Tacos,5.0,17,No data found,41-06 Astoria Blvd S,11103.0,40.768440000000005,-73.909828,https://www.yelp.com/biz/east-coast-street-tacos-queens?adjust_creative=oMZNkvugSz1zY7aTmCD3ZQ&utm_campaign=yelp_api_v3&utm_medium=api_v3_business_search&utm_source=oMZNkvugSz1zY7aTmCD3ZQ,Street Food
20,Mysttik Masaala,5.0,15,No data found,90 Park Ave,10016.0,40.75074,-73.97936,https://www.yelp.com/biz/mysttik-masaala-new-york-18?adjust_creative=oMZNkvugSz1zY7aTmCD3ZQ&utm_campaign=yelp_api_v3&utm_medium=api_v3_business_search&utm_source=oMZNkvugSz1zY7aTmCD3ZQ,Street Food
21,Corgi Jianbing,5.0,16,No data found,4405 Hunter St,11101.0,40.74749179999999,-73.94330179999999,https://www.yelp.com/biz/corgi-jianbing-long-island-city-7?adjust_creative=oMZNkvugSz1zY7aTmCD3ZQ&utm_campaign=yelp_api_v3&utm_medium=api_v3_business_search&utm_source=oMZNkvugSz1zY7aTmCD3ZQ,Street Food
22,Eight Jane Food Inc 秀八珍卤味,4.5,34,No data found,37-12 Main St,11354.0,40.761155983295104,-73.8310919214537,https://www.yelp.com/biz/eight-jane-food-inc-%E7%A7%80%E5%85%AB%E7%8F%8D%E5%8D%A4%E5%91%B3-flushing?adjust_creative=oMZNkvugSz1zY7aTmCD3ZQ&utm_campaign=yelp_api_v3&utm_medium=api_v3_business_search&utm_source=oMZNkvugSz1zY7aTmCD3ZQ,Street Food
23,Las Quesadillas,5.0,11,No data found,85-13 Roosevelt Ave,11372.0,40.748107899999994,-73.8805389,https://www.yelp.com/biz/las-quesadillas-jackson-heights?adjust_creative=oMZNkvugSz1zY7aTmCD3ZQ&utm_campaign=yelp_api_v3&utm_medium=api_v3_business_search&utm_source=oMZNkvugSz1zY7aTmCD3ZQ,Street Food
24,Veronica's Kitchen,4.0,159,$,Front St & Pine St,10005.0,40.7056045963693,-74.0064248767212,https://www.yelp.com/biz/veronicas-kitchen-new-york?adjust_creative=oMZNkvugSz1zY7aTmCD3ZQ&utm_campaign=yelp_api_v3&utm_medium=api_v3_business_search&utm_source=oMZNkvugSz1zY7aTmCD3ZQ,Street Food
25,Queens International Night Market,4.0,323,$,47-01 111th St,11368.0,40.747310999999996,-73.8531885,https://www.yelp.com/biz/queens-international-night-market-corona-5?adjust_creative=oMZNkvugSz1zY7aTmCD3ZQ&utm_campaign=yelp_api_v3&utm_medium=api_v3_business_search&utm_source=oMZNkvugSz1zY7aTmCD3ZQ,Street Food
26,Fauzia's Heavenly Delights,4.5,34,$,161st St & Sheridan Ave,10451.0,40.8264,-73.92115,https://www.yelp.com/biz/fauzias-heavenly-delights-bronx?adjust_creative=oMZNkvugSz1zY7aTmCD3ZQ&utm_campaign=yelp_api_v3&utm_medium=api_v3_business_search&utm_source=oMZNkvugSz1zY7aTmCD3ZQ,Street Food
27,Zongzi lady,4.5,27,$,Chrystie St Grand St,10002.0,40.718166100000005,-73.99384659999998,https://www.yelp.com/biz/zongzi-lady-new-york?adjust_creative=oMZNkvugSz1zY7aTmCD3ZQ&utm_campaign=yelp_api_v3&utm_medium=api_v3_business_search&utm_source=oMZNkvugSz1zY7aTmCD3ZQ,Street Food
28,Jamrock Jerk,4.0,56,No data found,"New York, NY 10016",10016.0,40.7460975646973,-73.97991943359379,https://www.yelp.com/biz/jamrock-jerk-new-york-4?adjust_creative=oMZNkvugSz1zY7aTmCD3ZQ&utm_campaign=yelp_api_v3&utm_medium=api_v3_business_search&utm_source=oMZNkvugSz1zY7aTmCD3ZQ,Street Food
29,Dominic's Italian Sausage,4.0,44,$,Whitehall St And Bridge St,10004.0,40.703617,-74.013139,https://www.yelp.com/biz/dominics-italian-sausage-new-york?adjust_creative=oMZNkvugSz1zY7aTmCD3ZQ&utm_campaign=yelp_api_v3&utm_medium=api_v3_business_search&utm_source=oMZNkvugSz1zY7aTmCD3ZQ,Street Food
30,SnackBOX,4.0,71,$$,46th & 47th St  W,10036.0,40.75889,-73.98482,https://www.yelp.com/biz/snackbox-new-york?adjust_creative=oMZNkvugSz1zY7aTmCD3ZQ&utm_campaign=yelp_api_v3&utm_medium=api_v3_business_search&utm_source=oMZNkvugSz1zY7aTmCD3ZQ,Street Food
31,Morocho Peruvian Fusion,4.0,38,$,"New York, NY 10019",10019.0,40.6409309,-73.9645048,https://www.yelp.com/biz/morocho-peruvian-fusion-new-york-4?adjust_creative=oMZNkvugSz1zY7aTmCD3ZQ&utm_campaign=yelp_api_v3&utm_medium=api_v3_business_search&utm_source=oMZNkvugSz1zY7aTmCD3ZQ,Street Food
32,Grand Street Rice Noodle Cart,4.5,11,$,Bowery St & Chrystie St,10002.0,40.7183834049124,-73.9946117252111,https://www.yelp.com/biz/grand-street-rice-noodle-cart-new-york?adjust_creative=oMZNkvugSz1zY7aTmCD3ZQ&utm_campaign=yelp_api_v3&utm_medium=api_v3_business_search&utm_source=oMZNkvugSz1zY7aTmCD3ZQ,Street Food
33,Yasin Halal Food,4.5,10,No data found,72 Bogart St,11206.0,40.705797499999996,-73.9329017,https://www.yelp.com/biz/yasin-halal-food-brooklyn?adjust_creative=oMZNkvugSz1zY7aTmCD3ZQ&utm_campaign=yelp_api_v3&utm_medium=api_v3_business_search&utm_source=oMZNkvugSz1zY7aTmCD3ZQ,Street Food
34,Grand Street Skewer Cart,5.0,7,No data found,Chrystie St,10002.0,40.718090041934,-73.9933838887208,https://www.yelp.com/biz/grand-street-skewer-cart-new-york?adjust_creative=oMZNkvugSz1zY7aTmCD3ZQ&utm_campaign=yelp_api_v3&utm_medium=api_v3_business_search&utm_source=oMZNkvugSz1zY7aTmCD3ZQ,Street Food
35,Urbanspace Garment District,4.0,18,$$,Broadway 41St-39St,7002.0,40.7547890902522,-73.986503033724,https://www.yelp.com/biz/urbanspace-garment-district-new-york-6?adjust_creative=oMZNkvugSz1zY7aTmCD3ZQ&utm_campaign=yelp_api_v3&utm_medium=api_v3_business_search&utm_source=oMZNkvugSz1zY7aTmCD3ZQ,Street Food
36,Hong Kong Street Cart,4.0,30,$,Madison Square Park,10010.0,40.743203,-73.988795,https://www.yelp.com/biz/hong-kong-street-cart-new-york?adjust_creative=oMZNkvugSz1zY7aTmCD3ZQ&utm_campaign=yelp_api_v3&utm_medium=api_v3_business_search&utm_source=oMZNkvugSz1zY7aTmCD3ZQ,Street Food
37,New York Hot Dogs,4.5,12,$,1000 Fifth Ave,10028.0,40.77942,-73.96342,https://www.yelp.com/biz/new-york-hot-dogs-new-york-2?adjust_creative=oMZNkvugSz1zY7aTmCD3ZQ&utm_campaign=yelp_api_v3&utm_medium=api_v3_business_search&utm_source=oMZNkvugSz1zY7aTmCD3ZQ,Street Food
38,La Suegra De Dyckman,4.5,7,$,"New York, NY",,40.8619823610649,-73.92490848654231,https://www.yelp.com/biz/la-suegra-de-dyckman-new-york?adjust_creative=oMZNkvugSz1zY7aTmCD3ZQ&utm_campaign=yelp_api_v3&utm_medium=api_v3_business_search&utm_source=oMZNkvugSz1zY7aTmCD3ZQ,Street Food
39,Empanada Lady,4.5,7,$,374 Sackett St 11231,11231.0,40.681938200000005,-73.993042,https://www.yelp.com/biz/empanada-lady-new-york?adjust_creative=oMZNkvugSz1zY7aTmCD3ZQ&utm_campaign=yelp_api_v3&utm_medium=api_v3_business_search&utm_source=oMZNkvugSz1zY7aTmCD3ZQ,Street Food
40,Raspados Yesenia,5.0,6,$,48 Northern Blvd,11103.0,40.753735610261295,-73.914439781481,https://www.yelp.com/biz/raspados-yesenia-long-island-city?adjust_creative=oMZNkvugSz1zY7aTmCD3ZQ&utm_campaign=yelp_api_v3&utm_medium=api_v3_business_search&utm_source=oMZNkvugSz1zY7aTmCD3ZQ,Street Food
41,Chang Lai Fishballs & Noodles,5.0,5,No data found,240 Grand St,10002.0,40.718481,-73.99446800000001,https://www.yelp.com/biz/chang-lai-fishballs-and-noodles-new-york-5?adjust_creative=oMZNkvugSz1zY7aTmCD3ZQ&utm_campaign=yelp_api_v3&utm_medium=api_v3_business_search&utm_source=oMZNkvugSz1zY7aTmCD3ZQ,Street Food
42,Momo Delight,4.5,9,$,74 st Roosevelt Ave,11372.0,40.8080586,-73.9640084,https://www.yelp.com/biz/momo-delight-new-york?adjust_creative=oMZNkvugSz1zY7aTmCD3ZQ&utm_campaign=yelp_api_v3&utm_medium=api_v3_business_search&utm_source=oMZNkvugSz1zY7aTmCD3ZQ,Street Food
43,59th & 60th Street Cart,4.5,7,$,59th & 60th St,11220.0,40.6374734,-74.0074896,https://www.yelp.com/biz/59th-and-60th-street-cart-brooklyn?adjust_creative=oMZNkvugSz1zY7aTmCD3ZQ&utm_campaign=yelp_api_v3&utm_medium=api_v3_business_search&utm_source=oMZNkvugSz1zY7aTmCD3ZQ,Street Food
44,King Food / Halal Food,4.5,7,$,339 Adams St,11201.0,40.693262059232296,-73.988677573279,https://www.yelp.com/biz/king-food-halal-food-downtown-brooklyn?adjust_creative=oMZNkvugSz1zY7aTmCD3ZQ&utm_campaign=yelp_api_v3&utm_medium=api_v3_business_search&utm_source=oMZNkvugSz1zY7aTmCD3ZQ,Street Food
45,Rafiqi's Halal Cart,4.0,14,$,41ST And Park Ave,10168.0,40.7515106,-73.97827149999999,https://www.yelp.com/biz/rafiqis-halal-cart-new-york?adjust_creative=oMZNkvugSz1zY7aTmCD3ZQ&utm_campaign=yelp_api_v3&utm_medium=api_v3_business_search&utm_source=oMZNkvugSz1zY7aTmCD3ZQ,Street Food
46,Monsieur Singh Lassi,4.5,6,$$,"New York, NY",,40.71455,-74.00714,https://www.yelp.com/biz/monsieur-singh-lassi-new-york?adjust_creative=oMZNkvugSz1zY7aTmCD3ZQ&utm_campaign=yelp_api_v3&utm_medium=api_v3_business_search&utm_source=oMZNkvugSz1zY7aTmCD3ZQ,Street Food
47,Chestnut King,5.0,4,$$,41-40 Main St,11355.0,40.757,-73.82933,https://www.yelp.com/biz/chestnut-king-flushing?adjust_creative=oMZNkvugSz1zY7aTmCD3ZQ&utm_campaign=yelp_api_v3&utm_medium=api_v3_business_search&utm_source=oMZNkvugSz1zY7aTmCD3ZQ,Street Food
48,Nathan's Famous,3.5,17,$$,5th Ave & Central Park S,10022.0,40.76445,-73.97298,https://www.yelp.com/biz/nathans-famous-new-york-9?adjust_creative=oMZNkvugSz1zY7aTmCD3ZQ&utm_campaign=yelp_api_v3&utm_medium=api_v3_business_search&utm_source=oMZNkvugSz1zY7aTmCD3ZQ,Street Food
49,Churro & Elote/Esquite Cart,4.5,3,$,83 St & Roosevelt Ave,11372.0,40.7477297633886,-73.8830003142357,https://www.yelp.com/biz/churro-and-elote-esquite-cart-new-york?adjust_creative=oMZNkvugSz1zY7aTmCD3ZQ&utm_campaign=yelp_api_v3&utm_medium=api_v3_business_search&utm_source=oMZNkvugSz1zY7aTmCD3ZQ,Street Food
0,The Casbah - Halal Cart,4.5,262,$,66th St & Columbus Ave,10023.0,40.773737186292,-73.9817136526108,https://www.yelp.com/biz/the-casbah-halal-cart-new-york?adjust_creative=oMZNkvugSz1zY7aTmCD3ZQ&utm_campaign=yelp_api_v3&utm_medium=api_v3_business_search&utm_source=oMZNkvugSz1zY7aTmCD3ZQ,Street Food
1,Yummy Yummy In My Tummy,5.0,32,No data found,467 Union Ave,11211.0,40.7147283802955,-73.9517624303699,https://www.yelp.com/biz/yummy-yummy-in-my-tummy-brooklyn?adjust_creative=oMZNkvugSz1zY7aTmCD3ZQ&utm_campaign=yelp_api_v3&utm_medium=api_v3_business_search&utm_source=oMZNkvugSz1zY7aTmCD3ZQ,Street Food
2,Tariq's 1 Halal Food,4.5,43,$,Corner Of 19th St And Park Ave S,10003.0,40.7377464,-73.9882183,https://www.yelp.com/biz/tariqs-1-halal-food-new-york?adjust_creative=oMZNkvugSz1zY7aTmCD3ZQ&utm_campaign=yelp_api_v3&utm_medium=api_v3_business_search&utm_source=oMZNkvugSz1zY7aTmCD3ZQ,Street Food
3,Uncle Gussy's,4.5,459,$,345 Park Ave,10154.0,40.7576813278964,-73.97329537375259,https://www.yelp.com/biz/uncle-gussys-new-york?adjust_creative=oMZNkvugSz1zY7aTmCD3ZQ&utm_campaign=yelp_api_v3&utm_medium=api_v3_business_search&utm_source=oMZNkvugSz1zY7aTmCD3ZQ,Street Food
4,Rice Noodle Cart,4.5,150,$,153 Centre St,10013.0,40.717931,-74.000283,https://www.yelp.com/biz/rice-noodle-cart-new-york?adjust_creative=oMZNkvugSz1zY7aTmCD3ZQ&utm_campaign=yelp_api_v3&utm_medium=api_v3_business_search&utm_source=oMZNkvugSz1zY7aTmCD3ZQ,Street Food
5,King Souvlaki - Astoria,4.0,298,$,31 St And 31 Ave,11106.0,40.7643238363402,-73.9235472679138,https://www.yelp.com/biz/king-souvlaki-astoria-astoria-2?adjust_creative=oMZNkvugSz1zY7aTmCD3ZQ&utm_campaign=yelp_api_v3&utm_medium=api_v3_business_search&utm_source=oMZNkvugSz1zY7aTmCD3ZQ,Street Food
6,Anton's Dumplings,4.5,65,$,"New york, NY 10011",10011.0,40.7311701,-74.00135870000001,https://www.yelp.com/biz/antons-dumplings-new-york-2?adjust_creative=oMZNkvugSz1zY7aTmCD3ZQ&utm_campaign=yelp_api_v3&utm_medium=api_v3_business_search&utm_source=oMZNkvugSz1zY7aTmCD3ZQ,Street Food
7,Hot Mini Cakes,4.5,88,$,SE Corner of Grand St & Bowery,10002.0,40.718388081003496,-73.9946562419968,https://www.yelp.com/biz/hot-mini-cakes-new-york?adjust_creative=oMZNkvugSz1zY7aTmCD3ZQ&utm_campaign=yelp_api_v3&utm_medium=api_v3_business_search&utm_source=oMZNkvugSz1zY7aTmCD3ZQ,Street Food
8,Red Hook Food Vendors,4.0,195,$,155 Bay St,11232.0,40.671844714382,-74.0031832507873,https://www.yelp.com/biz/red-hook-food-vendors-brooklyn-2?adjust_creative=oMZNkvugSz1zY7aTmCD3ZQ&utm_campaign=yelp_api_v3&utm_medium=api_v3_business_search&utm_source=oMZNkvugSz1zY7aTmCD3ZQ,Street Food
9,Sammy's Halal Food,4.0,114,$,NE Corner 6th Ave W 4th St,10012.0,40.72898,-73.99540999999999,https://www.yelp.com/biz/sammys-halal-food-new-york?adjust_creative=oMZNkvugSz1zY7aTmCD3ZQ&utm_campaign=yelp_api_v3&utm_medium=api_v3_business_search&utm_source=oMZNkvugSz1zY7aTmCD3ZQ,Street Food
10,Tacos y Quesadillas Mexicanos,4.0,41,$,6022 Roosevelt Ave,11377.0,40.7456882160225,-73.9029264450073,https://www.yelp.com/biz/tacos-y-quesadillas-mexicanos-woodside?adjust_creative=oMZNkvugSz1zY7aTmCD3ZQ&utm_campaign=yelp_api_v3&utm_medium=api_v3_business_search&utm_source=oMZNkvugSz1zY7aTmCD3ZQ,Street Food
11,Super Tacos,3.5,136,$,96TH St And Broadway,10025.0,40.795452000000004,-73.973281,https://www.yelp.com/biz/super-tacos-new-york?adjust_creative=oMZNkvugSz1zY7aTmCD3ZQ&utm_campaign=yelp_api_v3&utm_medium=api_v3_business_search&utm_source=oMZNkvugSz1zY7aTmCD3ZQ,Street Food
12,Hester Street Fair,3.5,159,$$,25 Essex St,10002.0,40.71547460000001,-73.99001679999999,https://www.yelp.com/biz/hester-street-fair-new-york-3?adjust_creative=oMZNkvugSz1zY7aTmCD3ZQ&utm_campaign=yelp_api_v3&utm_medium=api_v3_business_search&utm_source=oMZNkvugSz1zY7aTmCD3ZQ,Street Food
13,Pete's Hot Dogs,5.0,9,$,"Jersey City, NJ 07087",7087.0,40.75358,-74.06345999999999,https://www.yelp.com/biz/petes-hot-dogs-jersey-city?adjust_creative=oMZNkvugSz1zY7aTmCD3ZQ&utm_campaign=yelp_api_v3&utm_medium=api_v3_business_search&utm_source=oMZNkvugSz1zY7aTmCD3ZQ,Street Food
14,Barbecue On A Stick,4.5,9,No data found,525 46th Ave,10001.0,40.7474496,-73.9541673,https://www.yelp.com/biz/barbecue-on-a-stick-long-island-city?adjust_creative=oMZNkvugSz1zY7aTmCD3ZQ&utm_campaign=yelp_api_v3&utm_medium=api_v3_business_search&utm_source=oMZNkvugSz1zY7aTmCD3ZQ,Street Food
15,Quick Stop,5.0,8,$,47th Street & Lexington Ave,10017.0,40.754678000000006,-73.973781,https://www.yelp.com/biz/quick-stop-new-york-2?adjust_creative=oMZNkvugSz1zY7aTmCD3ZQ&utm_campaign=yelp_api_v3&utm_medium=api_v3_business_search&utm_source=oMZNkvugSz1zY7aTmCD3ZQ,Street Food
16,Greek Street Meat Cart,4.5,11,$,Corner of Wall St. & Broad St.,10270.0,40.7068153765355,-74.0101611614227,https://www.yelp.com/biz/greek-street-meat-cart-new-york?adjust_creative=oMZNkvugSz1zY7aTmCD3ZQ&utm_campaign=yelp_api_v3&utm_medium=api_v3_business_search&utm_source=oMZNkvugSz1zY7aTmCD3ZQ,Street Food
17,Halal Cart,4.5,7,$,41ST And 3rd Ave,10017.0,40.75009,-73.97492,https://www.yelp.com/biz/halal-cart-new-york-72?adjust_creative=oMZNkvugSz1zY7aTmCD3ZQ&utm_campaign=yelp_api_v3&utm_medium=api_v3_business_search&utm_source=oMZNkvugSz1zY7aTmCD3ZQ,Street Food
18,Smorgasberg,4.5,7,$,Kent Ave,,40.6943817,-73.959343,https://www.yelp.com/biz/smorgasberg-brooklyn?adjust_creative=oMZNkvugSz1zY7aTmCD3ZQ&utm_campaign=yelp_api_v3&utm_medium=api_v3_business_search&utm_source=oMZNkvugSz1zY7aTmCD3ZQ,Street Food
19,El Bohio Grocery Slushie Man,4.5,7,$,98-17 39th Ave,11368.0,40.749581058161795,-73.8668705150485,https://www.yelp.com/biz/el-bohio-grocery-slushie-man-corona?adjust_creative=oMZNkvugSz1zY7aTmCD3ZQ&utm_campaign=yelp_api_v3&utm_medium=api_v3_business_search&utm_source=oMZNkvugSz1zY7aTmCD3ZQ,Street Food
20,Yeah Dawg Vegan,4.0,13,$,"Brooklyn, NY 11216",11216.0,40.6809730529785,-73.9476623535156,https://www.yelp.com/biz/yeah-dawg-vegan-brooklyn?adjust_creative=oMZNkvugSz1zY7aTmCD3ZQ&utm_campaign=yelp_api_v3&utm_medium=api_v3_business_search&utm_source=oMZNkvugSz1zY7aTmCD3ZQ,Street Food
21,Tamales y Elote Cart,4.5,9,$,Roosevelt Ave & 74 St,11372.0,40.74686,-73.89143,https://www.yelp.com/biz/tamales-y-elote-cart-jackson-heights?adjust_creative=oMZNkvugSz1zY7aTmCD3ZQ&utm_campaign=yelp_api_v3&utm_medium=api_v3_business_search&utm_source=oMZNkvugSz1zY7aTmCD3ZQ,Street Food
22,Habibi Gyro Halal Cart,4.5,5,$,163RD St And Southern Blvd,10459.0,40.8209915,-73.8916092,https://www.yelp.com/biz/habibi-gyro-halal-cart-bronx?adjust_creative=oMZNkvugSz1zY7aTmCD3ZQ&utm_campaign=yelp_api_v3&utm_medium=api_v3_business_search&utm_source=oMZNkvugSz1zY7aTmCD3ZQ,Street Food
23,Grub Street Food Festival,3.5,13,$$,Hester St & Essex St,10002.0,40.715549960732496,-73.9897502213717,https://www.yelp.com/biz/grub-street-food-festival-new-york?adjust_creative=oMZNkvugSz1zY7aTmCD3ZQ&utm_campaign=yelp_api_v3&utm_medium=api_v3_business_search&utm_source=oMZNkvugSz1zY7aTmCD3ZQ,Street Food
24,LAHI,4.5,5,$,47-01 111th St,11368.0,40.747310999999996,-73.8531885,https://www.yelp.com/biz/lahi-queens?adjust_creative=oMZNkvugSz1zY7aTmCD3ZQ&utm_campaign=yelp_api_v3&utm_medium=api_v3_business_search&utm_source=oMZNkvugSz1zY7aTmCD3ZQ,Street Food
25,Halal Cart,4.5,5,$$,145th & Fredrick Douglass,10001.0,40.822841600000004,-73.94191740000001,https://www.yelp.com/biz/halal-cart-new-york-32?adjust_creative=oMZNkvugSz1zY7aTmCD3ZQ&utm_campaign=yelp_api_v3&utm_medium=api_v3_business_search&utm_source=oMZNkvugSz1zY7aTmCD3ZQ,Street Food
26,Workers,5.0,3,No data found,25 Union Sq W 15th St,10003.0,40.7363,-73.99108000000001,https://www.yelp.com/biz/workers-new-york?adjust_creative=oMZNkvugSz1zY7aTmCD3ZQ&utm_campaign=yelp_api_v3&utm_medium=api_v3_business_search&utm_source=oMZNkvugSz1zY7aTmCD3ZQ,Street Food
27,Kelewele,5.0,3,No data found,"Brooklyn, NY 11201",11201.0,40.6924476623535,-73.9913711547852,https://www.yelp.com/biz/kelewele-brooklyn?adjust_creative=oMZNkvugSz1zY7aTmCD3ZQ&utm_campaign=yelp_api_v3&utm_medium=api_v3_business_search&utm_source=oMZNkvugSz1zY7aTmCD3ZQ,Street Food
28,Potluck Cafe Food Truck,4.0,6,$,68th & Broadway,10023.0,40.7754402,-73.9820633,https://www.yelp.com/biz/potluck-cafe-food-truck-manhattan?adjust_creative=oMZNkvugSz1zY7aTmCD3ZQ&utm_campaign=yelp_api_v3&utm_medium=api_v3_business_search&utm_source=oMZNkvugSz1zY7aTmCD3ZQ,Street Food
29,Kam's Corner BBQ,4.5,3,$,Kissena Blvd & Sanford Ave,11355.0,40.7571402937174,-73.8270896673203,https://www.yelp.com/biz/kams-corner-bbq-new-york?adjust_creative=oMZNkvugSz1zY7aTmCD3ZQ&utm_campaign=yelp_api_v3&utm_medium=api_v3_business_search&utm_source=oMZNkvugSz1zY7aTmCD3ZQ,Street Food
30,Churro and Tapioca Cart,4.5,3,No data found,218 Ferry St,7105.0,40.7282,-74.15508,https://www.yelp.com/biz/churro-and-tapioca-cart-newark?adjust_creative=oMZNkvugSz1zY7aTmCD3ZQ&utm_campaign=yelp_api_v3&utm_medium=api_v3_business_search&utm_source=oMZNkvugSz1zY7aTmCD3ZQ,Street Food
31,Jhal NYC,5.0,2,$,"Queens Village, NY 11101",11101.0,40.75036,-73.94478000000001,https://www.yelp.com/biz/jhal-nyc-queens-village?adjust_creative=oMZNkvugSz1zY7aTmCD3ZQ&utm_campaign=yelp_api_v3&utm_medium=api_v3_business_search&utm_source=oMZNkvugSz1zY7aTmCD3ZQ,Street Food
32,De' Rangoon,5.0,2,No data found,Queen Night Market,11368.0,40.74777460000001,-73.8508249,https://www.yelp.com/biz/de-rangoon-corona?adjust_creative=oMZNkvugSz1zY7aTmCD3ZQ&utm_campaign=yelp_api_v3&utm_medium=api_v3_business_search&utm_source=oMZNkvugSz1zY7aTmCD3ZQ,Street Food
33,Turkish Coffee Cart,5.0,2,$,72 Wall St,10005.0,40.705900146080396,-74.0087120980024,https://www.yelp.com/biz/turkish-coffee-cart-new-york?adjust_creative=oMZNkvugSz1zY7aTmCD3ZQ&utm_campaign=yelp_api_v3&utm_medium=api_v3_business_search&utm_source=oMZNkvugSz1zY7aTmCD3ZQ,Street Food
34,Express Halal Cart,5.0,2,No data found,William St,,40.707481832132295,-74.008410199089,https://www.yelp.com/biz/express-halal-cart-new-york-2?adjust_creative=oMZNkvugSz1zY7aTmCD3ZQ&utm_campaign=yelp_api_v3&utm_medium=api_v3_business_search&utm_source=oMZNkvugSz1zY7aTmCD3ZQ,Street Food
35,The Archway,3.5,5,$$,Under The Manhattan Bridge,11201.0,40.7031103905469,-73.9876413345337,https://www.yelp.com/biz/the-archway-brooklyn?adjust_creative=oMZNkvugSz1zY7aTmCD3ZQ&utm_campaign=yelp_api_v3&utm_medium=api_v3_business_search&utm_source=oMZNkvugSz1zY7aTmCD3ZQ,Street Food
36,Mo's Burgers,4.0,4,No data found,153 Malcolm X Blvd,10026.0,40.80322,-73.94915,https://www.yelp.com/biz/mos-burgers-new-york-2?adjust_creative=oMZNkvugSz1zY7aTmCD3ZQ&utm_campaign=yelp_api_v3&utm_medium=api_v3_business_search&utm_source=oMZNkvugSz1zY7aTmCD3ZQ,Street Food
37,Wadadli Jerk,4.5,2,No data found,370 Tompkins Ave,11216.0,40.684781,-73.944547,https://www.yelp.com/biz/wadadli-jerk-brooklyn?adjust_creative=oMZNkvugSz1zY7aTmCD3ZQ&utm_campaign=yelp_api_v3&utm_medium=api_v3_business_search&utm_source=oMZNkvugSz1zY7aTmCD3ZQ,Street Food
38,Fruit Stand Guy On The Corner,4.5,2,No data found,"New York, NY 10023",10023.0,40.776109999999996,-73.98158000000001,https://www.yelp.com/biz/fruit-stand-guy-on-the-corner-new-york?adjust_creative=oMZNkvugSz1zY7aTmCD3ZQ&utm_campaign=yelp_api_v3&utm_medium=api_v3_business_search&utm_source=oMZNkvugSz1zY7aTmCD3ZQ,Street Food
39,Kero's Halal Food Cart,4.5,2,$,125 Page Ave,10309.0,40.5210140165507,-74.23526735772529,https://www.yelp.com/biz/keros-halal-food-cart-staten-island?adjust_creative=oMZNkvugSz1zY7aTmCD3ZQ&utm_campaign=yelp_api_v3&utm_medium=api_v3_business_search&utm_source=oMZNkvugSz1zY7aTmCD3ZQ,Street Food
40,Shanta Halal Truck,4.5,2,No data found,E 14th St,,40.73232,-73.98488,https://www.yelp.com/biz/shanta-halal-truck-new-york?adjust_creative=oMZNkvugSz1zY7aTmCD3ZQ&utm_campaign=yelp_api_v3&utm_medium=api_v3_business_search&utm_source=oMZNkvugSz1zY7aTmCD3ZQ,Street Food
41,Chinatown Street Market,4.5,2,$$,Canal St,,40.7185044259095,-74.00076501646859,https://www.yelp.com/biz/chinatown-street-market-manhattan?adjust_creative=oMZNkvugSz1zY7aTmCD3ZQ&utm_campaign=yelp_api_v3&utm_medium=api_v3_business_search&utm_source=oMZNkvugSz1zY7aTmCD3ZQ,Street Food
42,Halal Cart,4.5,2,$,Avenue H At Nostrand Ave,11210.0,40.631561299999994,-73.9475403,https://www.yelp.com/biz/halal-cart-brooklyn-5?adjust_creative=oMZNkvugSz1zY7aTmCD3ZQ&utm_campaign=yelp_api_v3&utm_medium=api_v3_business_search&utm_source=oMZNkvugSz1zY7aTmCD3ZQ,Street Food
43,Souvlaki Master,4.5,2,No data found,Ditmars Blvd Station,11105.0,40.7756691,-73.91004179999999,https://www.yelp.com/biz/souvlaki-master-astoria?adjust_creative=oMZNkvugSz1zY7aTmCD3ZQ&utm_campaign=yelp_api_v3&utm_medium=api_v3_business_search&utm_source=oMZNkvugSz1zY7aTmCD3ZQ,Street Food
44,Tex Dawson's Chili Dogs,4.5,2,No data found,1690 S Ave,10314.0,40.60216,-74.18536,https://www.yelp.com/biz/tex-dawsons-chili-dogs-new-york?adjust_creative=oMZNkvugSz1zY7aTmCD3ZQ&utm_campaign=yelp_api_v3&utm_medium=api_v3_business_search&utm_source=oMZNkvugSz1zY7aTmCD3ZQ,Street Food
45,Manos Peruanas,3.5,3,No data found,"New York, NY 10036",10036.0,40.7587556507744,-73.98078670312108,https://www.yelp.com/biz/manos-peruanas-new-york?adjust_creative=oMZNkvugSz1zY7aTmCD3ZQ&utm_campaign=yelp_api_v3&utm_medium=api_v3_business_search&utm_source=oMZNkvugSz1zY7aTmCD3ZQ,Street Food
46,Dumbo Grillo,3.5,3,$,58 Pearl St,11201.0,40.703337863087704,-73.98767352104191,https://www.yelp.com/biz/dumbo-grillo-new-york?adjust_creative=oMZNkvugSz1zY7aTmCD3ZQ&utm_campaign=yelp_api_v3&utm_medium=api_v3_business_search&utm_source=oMZNkvugSz1zY7aTmCD3ZQ,Street Food
47,Tacos El Super Rancho,3.5,3,No data found,4108 108th St,11368.0,40.749714000000004,-73.858462,https://www.yelp.com/biz/tacos-el-super-rancho-corona?adjust_creative=oMZNkvugSz1zY7aTmCD3ZQ&utm_campaign=yelp_api_v3&utm_medium=api_v3_business_search&utm_source=oMZNkvugSz1zY7aTmCD3ZQ,Street Food
48,UrbanSpace,3.0,5,$$,W 33rd St,10018.0,40.751772499999994,-73.994573,https://www.yelp.com/biz/urbanspace-new-york?adjust_creative=oMZNkvugSz1zY7aTmCD3ZQ&utm_campaign=yelp_api_v3&utm_medium=api_v3_business_search&utm_source=oMZNkvugSz1zY7aTmCD3ZQ,Street Food
49,Halal Food Cart,4.0,2,$,1095 Amsterdam Ave,10025.0,40.80513,-73.96207,https://www.yelp.com/biz/halal-food-cart-new-york-12?adjust_creative=oMZNkvugSz1zY7aTmCD3ZQ&utm_campaign=yelp_api_v3&utm_medium=api_v3_business_search&utm_source=oMZNkvugSz1zY7aTmCD3ZQ,Street Food
